contact,estimated_cac,conversion_rate,customers_per_1000,max_budget,min_budget,budget_allocation,expected_customers,expected_cost_check
cellular,54.094758525978484,0.14918900460986853,18.486079377168487,220000,150000,220000,4066.937462977067,220000
unknown,102.71603773584906,0.040706605222734255,9.735578026984083,35253,15000,35253,343.2083321852699,35253
telephone,114.03461538461538,0.13420509291121818,8.769267091638842,80000,40000,80000,701.5413673311074,80000
